{
    "images": [
        {
            "id": "{e0fb7d66-9e57-43a8-825b-9ae2bded754c}",
            "name": "mchpLogo_dark",
            "type": "RGB"
        },
        {
            "id": "{65e440cd-17aa-4f38-b80b-9950ca238b09}",
            "name": "Wifi_bmp_r2",
            "type": "RGB"
        },
        {
            "id": "{a511d307-93eb-462f-aaac-3f38b0f3c03f}",
            "name": "Thermostat_resize_bmp",
            "type": "RGB"
        },
        {
            "id": "{b503158b-cadd-4dda-9313-994759d1b725}",
            "name": "MCHP_bar_bmp",
            "type": "RGB"
        },
        {
            "id": "{138b710d-2ed8-46d1-a7a4-7b2d48af40bd}",
            "name": "MirochipLogo_bmp",
            "type": "RGB"
        },
        {
            "id": "{29eb7159-ed52-48ec-bf26-d75fbbea0cb4}",
            "name": "progress_anime_1_bmp",
            "type": "RGB"
        },
        {
            "id": "{6cdea7e2-3cea-41d2-97dd-a6be76607347}",
            "name": "progress_anime_3_bmp",
            "type": "RGB"
        },
        {
            "id": "{aeaf0f1f-4838-4de0-86be-313e18b73243}",
            "name": "progress_anime_2_bmp",
            "type": "RGB"
        },
        {
            "id": "{fa3bc9d1-1823-4ffb-b23c-123eec726562}",
            "name": "mplabx_ide_resize1",
            "type": "RGB"
        },
        {
            "id": "{0a61ed46-3fa4-42a9-b94d-3daad95e3555}",
            "name": "pic32logo_bmp",
            "type": "RGB"
        },
        {
            "id": "{f53d63bd-861b-4c47-99a7-754948e8d073}",
            "name": "full_load",
            "type": "RGB"
        },
        {
            "id": "{7cf17097-4d34-44e6-9df2-8cbf49a8cf31}",
            "name": "load_1",
            "type": "RGB"
        },
        {
            "id": "{17bba680-229d-4327-9727-45af84b9ba01}",
            "name": "load_2",
            "type": "RGB"
        },
        {
            "id": "{d33917c4-8f40-4bde-9f76-e90e07ca647a}",
            "name": "load_3",
            "type": "RGB"
        },
        {
            "id": "{a2ef4dcb-c0b6-468d-bf4a-387ad999f8a2}",
            "name": "Start",
            "type": "RGB"
        },
        {
            "id": "{68c1316e-0f22-453a-ac63-3a32db4a03e5}",
            "name": "noload",
            "type": "RGB"
        },
        {
            "id": "{5a0dfd5b-05f4-43d9-9bd2-885f3926814d}",
            "name": "check",
            "type": "RGB"
        },
        {
            "id": "{4ecef0c1-e1c4-437c-be10-caa2d7fa3038}",
            "name": "DeviceNode_noselect",
            "type": "RGB"
        },
        {
            "id": "{19ceb95a-e404-4226-ae2e-901a54f9d8c5}",
            "name": "DeviceNode_select_bmp",
            "type": "RGB"
        },
        {
            "id": "{f88190b2-8c4a-47fd-97e3-25226001567c}",
            "name": "HomeButton",
            "type": "RGB"
        },
        {
            "id": "{b45945b6-111d-4737-9769-d8320daa8b02}",
            "name": "arrow",
            "type": "RGB"
        },
        {
            "id": "{a3d83633-1b3d-4e80-adbc-2ddf4dbc2ef6}",
            "name": "celsius_deg",
            "type": "RGB"
        },
        {
            "id": "{306c5831-4149-45e8-84a4-49fa1e7a2f4d}",
            "name": "Back_button",
            "type": "RGB"
        },
        {
            "id": "{d25913b4-8cb4-4f3e-aa0c-c2a4e35c1445}",
            "name": "Enter_limit",
            "type": "RGB"
        },
        {
            "id": "{7253f555-a9cd-4f6e-8487-e18c7e299713}",
            "name": "Image0",
            "type": "RGB"
        },
        {
            "id": "{a6d4efc1-0e33-469a-90eb-f4176f18702f}",
            "name": "MPLAB_Graphics_logo",
            "type": "RGB"
        },
        {
            "id": "{60babca6-1d11-4904-9b64-4ce35a3cb509}",
            "name": "MPLAB_Graphics_logo_0",
            "type": "RGB"
        },
        {
            "id": "{0a80fb29-fb14-46cc-9392-00ff899eea02}",
            "name": "Up_arrow",
            "type": "RGB"
        },
        {
            "id": "{74736b12-eecc-4183-bc8d-c0c539ed99ab}",
            "name": "down_arrow",
            "type": "RGB"
        }
    ],
    "paths": [
    ]
}
