{
    "bindings": [
        {
            "font": "{4c43c6c6-b719-460a-9016-a0c427cb5cea}",
            "language": "{77897b24-0a9f-413d-8b67-84c849294d84}",
            "string": "{18f435d0-8c2b-4027-ac92-1f6c6ea0e14e}"
        },
        {
            "font": "{3b393323-2e72-465a-92d0-7d21a6eb5259}",
            "language": "{77897b24-0a9f-413d-8b67-84c849294d84}",
            "string": "{70cfcb4d-75a7-4301-8632-05337754ce97}"
        },
        {
            "font": "{4c43c6c6-b719-460a-9016-a0c427cb5cea}",
            "language": "{77897b24-0a9f-413d-8b67-84c849294d84}",
            "string": "{a8cd2a2e-7571-43b7-867a-28b654ba5351}"
        },
        {
            "font": "{4c43c6c6-b719-460a-9016-a0c427cb5cea}",
            "language": "{77897b24-0a9f-413d-8b67-84c849294d84}",
            "string": "{b704e1b5-e1d8-4077-b3d7-f0f2ca466678}"
        },
        {
            "font": "{3e8881ea-e9f7-45f3-add5-f062ed156a01}",
            "language": "{77897b24-0a9f-413d-8b67-84c849294d84}",
            "string": "{cf3239c1-eb41-479a-bcc0-4988b79ad1db}"
        },
        {
            "font": "{3e8881ea-e9f7-45f3-add5-f062ed156a01}",
            "language": "{77897b24-0a9f-413d-8b67-84c849294d84}",
            "string": "{f41193ef-3b03-416f-b921-c81040d0258c}"
        },
        {
            "font": "{cd67fa65-4370-48a2-a204-6c19b4ad7461}",
            "language": "{77897b24-0a9f-413d-8b67-84c849294d84}",
            "string": "{03bf726e-955b-49cf-9525-85c46a11dbfe}"
        },
        {
            "font": "{cd67fa65-4370-48a2-a204-6c19b4ad7461}",
            "language": "{77897b24-0a9f-413d-8b67-84c849294d84}",
            "string": "{38907e07-8e50-4e17-bdbb-12a5de2cce3e}"
        },
        {
            "font": "{cd67fa65-4370-48a2-a204-6c19b4ad7461}",
            "language": "{77897b24-0a9f-413d-8b67-84c849294d84}",
            "string": "{56ba2274-2925-444d-96d0-5f324f923d47}"
        }
    ],
    "defaultLanguage": "{77897b24-0a9f-413d-8b67-84c849294d84}",
    "encoding": "ASCII",
    "languages": [
        {
            "properties": {
                "__categories": [
                ],
                "__groups": [
                ],
                "enabled": {
                    "enabled": true,
                    "type": "boolean",
                    "value": true,
                    "visible": true
                },
                "id": {
                    "enabled": true,
                    "type": "uuid",
                    "value": "{77897b24-0a9f-413d-8b67-84c849294d84}",
                    "visible": true
                },
                "name": {
                    "enabled": true,
                    "type": "text",
                    "value": "Default",
                    "visible": true
                }
            }
        }
    ],
    "paths": [
    ],
    "strings": [
        {
            "properties": {
                "__categories": [
                ],
                "__groups": [
                ],
                "description": {
                    "enabled": true,
                    "type": "text",
                    "value": "",
                    "visible": true
                },
                "id": {
                    "enabled": true,
                    "type": "uuid",
                    "value": "{03bf726e-955b-49cf-9525-85c46a11dbfe}",
                    "visible": true
                },
                "name": {
                    "enabled": true,
                    "type": "text",
                    "value": "Connecting",
                    "visible": true
                },
                "path": {
                    "enabled": true,
                    "type": "text",
                    "value": "/",
                    "visible": true
                }
            },
            "values": [
                {
                    "language": "{77897b24-0a9f-413d-8b67-84c849294d84}",
                    "value": "Connecting..."
                }
            ]
        },
        {
            "properties": {
                "__categories": [
                ],
                "__groups": [
                ],
                "description": {
                    "enabled": true,
                    "type": "text",
                    "value": "",
                    "visible": true
                },
                "id": {
                    "enabled": true,
                    "type": "uuid",
                    "value": "{18f435d0-8c2b-4027-ac92-1f6c6ea0e14e}",
                    "visible": true
                },
                "name": {
                    "enabled": true,
                    "type": "text",
                    "value": "Thermostat_demo",
                    "visible": true
                },
                "path": {
                    "enabled": true,
                    "type": "text",
                    "value": "/",
                    "visible": true
                }
            },
            "values": [
                {
                    "language": "{77897b24-0a9f-413d-8b67-84c849294d84}",
                    "value": "Wireless Thermostat"
                }
            ]
        },
        {
            "properties": {
                "__categories": [
                ],
                "__groups": [
                ],
                "description": {
                    "enabled": true,
                    "type": "text",
                    "value": "",
                    "visible": true
                },
                "id": {
                    "enabled": true,
                    "type": "uuid",
                    "value": "{38907e07-8e50-4e17-bdbb-12a5de2cce3e}",
                    "visible": true
                },
                "name": {
                    "enabled": true,
                    "type": "text",
                    "value": "Default_Temp",
                    "visible": true
                },
                "path": {
                    "enabled": true,
                    "type": "text",
                    "value": "/",
                    "visible": true
                }
            },
            "values": [
                {
                    "language": "{77897b24-0a9f-413d-8b67-84c849294d84}",
                    "value": "25"
                }
            ]
        },
        {
            "properties": {
                "__categories": [
                ],
                "__groups": [
                ],
                "description": {
                    "enabled": true,
                    "type": "text",
                    "value": "",
                    "visible": true
                },
                "id": {
                    "enabled": true,
                    "type": "uuid",
                    "value": "{56ba2274-2925-444d-96d0-5f324f923d47}",
                    "visible": true
                },
                "name": {
                    "enabled": true,
                    "type": "text",
                    "value": "Go_back",
                    "visible": true
                },
                "path": {
                    "enabled": true,
                    "type": "text",
                    "value": "/",
                    "visible": true
                }
            },
            "values": [
                {
                    "language": "{77897b24-0a9f-413d-8b67-84c849294d84}",
                    "value": "Press to Go back..."
                }
            ]
        },
        {
            "properties": {
                "__categories": [
                ],
                "__groups": [
                ],
                "description": {
                    "enabled": true,
                    "type": "text",
                    "value": "",
                    "visible": true
                },
                "id": {
                    "enabled": true,
                    "type": "uuid",
                    "value": "{70cfcb4d-75a7-4301-8632-05337754ce97}",
                    "visible": true
                },
                "name": {
                    "enabled": true,
                    "type": "text",
                    "value": "Home",
                    "visible": true
                },
                "path": {
                    "enabled": true,
                    "type": "text",
                    "value": "/",
                    "visible": true
                }
            },
            "values": [
                {
                    "language": "{77897b24-0a9f-413d-8b67-84c849294d84}",
                    "value": "Home"
                }
            ]
        },
        {
            "properties": {
                "__categories": [
                ],
                "__groups": [
                ],
                "description": {
                    "enabled": true,
                    "type": "text",
                    "value": "",
                    "visible": true
                },
                "id": {
                    "enabled": true,
                    "type": "uuid",
                    "value": "{a8cd2a2e-7571-43b7-867a-28b654ba5351}",
                    "visible": true
                },
                "name": {
                    "enabled": true,
                    "type": "text",
                    "value": "SetThreshold",
                    "visible": true
                },
                "path": {
                    "enabled": true,
                    "type": "text",
                    "value": "/",
                    "visible": true
                }
            },
            "values": [
                {
                    "language": "{77897b24-0a9f-413d-8b67-84c849294d84}",
                    "value": "SET  LIMIT"
                }
            ]
        },
        {
            "properties": {
                "__categories": [
                ],
                "__groups": [
                ],
                "description": {
                    "enabled": true,
                    "type": "text",
                    "value": "",
                    "visible": true
                },
                "id": {
                    "enabled": true,
                    "type": "uuid",
                    "value": "{b704e1b5-e1d8-4077-b3d7-f0f2ca466678}",
                    "visible": true
                },
                "name": {
                    "enabled": true,
                    "type": "text",
                    "value": "Start",
                    "visible": true
                },
                "path": {
                    "enabled": true,
                    "type": "text",
                    "value": "/",
                    "visible": true
                }
            },
            "values": [
                {
                    "language": "{77897b24-0a9f-413d-8b67-84c849294d84}",
                    "value": "START"
                }
            ]
        },
        {
            "properties": {
                "__categories": [
                ],
                "__groups": [
                ],
                "description": {
                    "enabled": true,
                    "type": "text",
                    "value": "",
                    "visible": true
                },
                "id": {
                    "enabled": true,
                    "type": "uuid",
                    "value": "{ba3ba75a-a85b-4627-8292-c8285ffd80de}",
                    "visible": true
                },
                "name": {
                    "enabled": true,
                    "type": "text",
                    "value": "degree",
                    "visible": true
                },
                "path": {
                    "enabled": true,
                    "type": "text",
                    "value": "/",
                    "visible": true
                }
            },
            "values": [
                {
                    "language": "{77897b24-0a9f-413d-8b67-84c849294d84}",
                    "value": "o"
                }
            ]
        },
        {
            "properties": {
                "__categories": [
                ],
                "__groups": [
                ],
                "description": {
                    "enabled": true,
                    "type": "text",
                    "value": "",
                    "visible": true
                },
                "id": {
                    "enabled": true,
                    "type": "uuid",
                    "value": "{cf3239c1-eb41-479a-bcc0-4988b79ad1db}",
                    "visible": true
                },
                "name": {
                    "enabled": true,
                    "type": "text",
                    "value": "Node1",
                    "visible": true
                },
                "path": {
                    "enabled": true,
                    "type": "text",
                    "value": "/",
                    "visible": true
                }
            },
            "values": [
                {
                    "language": "{77897b24-0a9f-413d-8b67-84c849294d84}",
                    "value": "1"
                }
            ]
        },
        {
            "properties": {
                "__categories": [
                ],
                "__groups": [
                ],
                "description": {
                    "enabled": true,
                    "type": "text",
                    "value": "",
                    "visible": true
                },
                "id": {
                    "enabled": true,
                    "type": "uuid",
                    "value": "{f41193ef-3b03-416f-b921-c81040d0258c}",
                    "visible": true
                },
                "name": {
                    "enabled": true,
                    "type": "text",
                    "value": "Node2",
                    "visible": true
                },
                "path": {
                    "enabled": true,
                    "type": "text",
                    "value": "/",
                    "visible": true
                }
            },
            "values": [
                {
                    "language": "{77897b24-0a9f-413d-8b67-84c849294d84}",
                    "value": "2"
                }
            ]
        }
    ]
}
